ID_Objectif,ID_Joueur,Saison,Objectif_Type,Valeur_Cible,Unite
1,944,2022-2023,Précision_Passes,71.42,%
2,944,2022-2023,Minutes_Totales,1527.0,minutes
3,866,2022-2023,Précision_Passes,71.42,%
4,866,2022-2023,Minutes_Totales,1527.0,minutes
5,237,2022-2023,Précision_Passes,71.42,%
6,237,2022-2023,Minutes_Totales,1527.0,minutes
7,728,2022-2023,Précision_Passes,71.42,%
8,728,2022-2023,Minutes_Totales,1527.0,minutes
9,406,2022-2023,Précision_Passes,71.42,%
10,406,2022-2023,Minutes_Totales,1527.0,minutes
11,731,2022-2023,Précision_Passes,71.42,%
12,731,2022-2023,Minutes_Totales,1527.0,minutes
13,380,2022-2023,Distance_Parcourue_Match,10.19,km
14,380,2022-2023,Précision_Passes,89.31,%
15,380,2022-2023,Tirs_Cadrés,42.51,%
16,414,2022-2023,Précision_Passes,71.42,%
17,414,2022-2023,Minutes_Totales,1527.0,minutes
18,976,2022-2023,Distance_Parcourue_Match,9.83,km
19,976,2022-2023,Vitesse_Max,32.4,km/h
20,976,2022-2023,Conversion_Tirs_Buts,33.07,%
21,590,2022-2023,Distance_Parcourue_Match,8.75,km
22,590,2022-2023,Précision_Passes,80.68,%
23,590,2022-2023,Tacles_Réussis,61.98,%
24,715,2022-2023,Distance_Parcourue_Match,8.75,km
25,715,2022-2023,Précision_Passes,80.68,%
26,715,2022-2023,Tacles_Réussis,61.98,%
27,342,2022-2023,Distance_Parcourue_Match,8.75,km
28,342,2022-2023,Précision_Passes,80.68,%
29,342,2022-2023,Tacles_Réussis,61.98,%
30,258,2022-2023,Distance_Parcourue_Match,10.19,km
31,258,2022-2023,Précision_Passes,89.31,%
32,258,2022-2023,Tirs_Cadrés,42.51,%
33,18,2022-2023,Distance_Parcourue_Match,9.83,km
34,18,2022-2023,Vitesse_Max,32.4,km/h
35,18,2022-2023,Conversion_Tirs_Buts,33.07,%
36,943,2022-2023,Distance_Parcourue_Match,9.83,km
37,943,2022-2023,Vitesse_Max,32.4,km/h
38,943,2022-2023,Conversion_Tirs_Buts,33.07,%
39,996,2022-2023,Distance_Parcourue_Match,10.19,km
40,996,2022-2023,Précision_Passes,89.31,%
41,996,2022-2023,Tirs_Cadrés,42.51,%
42,38,2022-2023,Distance_Parcourue_Match,10.19,km
43,38,2022-2023,Précision_Passes,89.31,%
44,38,2022-2023,Tirs_Cadrés,42.51,%
45,206,2022-2023,Distance_Parcourue_Match,10.19,km
46,206,2022-2023,Précision_Passes,89.31,%
47,206,2022-2023,Tirs_Cadrés,42.51,%
48,573,2022-2023,Précision_Passes,71.42,%
49,573,2022-2023,Minutes_Totales,1527.0,minutes
50,100,2022-2023,Distance_Parcourue_Match,8.75,km
51,100,2022-2023,Précision_Passes,80.68,%
52,100,2022-2023,Tacles_Réussis,61.98,%
53,831,2022-2023,Distance_Parcourue_Match,10.19,km
54,831,2022-2023,Précision_Passes,89.31,%
55,831,2022-2023,Tirs_Cadrés,42.51,%
56,97,2022-2023,Précision_Passes,71.42,%
57,97,2022-2023,Minutes_Totales,1527.0,minutes
58,664,2022-2023,Distance_Parcourue_Match,10.19,km
59,664,2022-2023,Précision_Passes,89.31,%
60,664,2022-2023,Tirs_Cadrés,42.51,%
61,66,2022-2023,Distance_Parcourue_Match,9.83,km
62,66,2022-2023,Vitesse_Max,32.4,km/h
63,66,2022-2023,Conversion_Tirs_Buts,33.07,%
64,77,2022-2023,Distance_Parcourue_Match,8.75,km
65,77,2022-2023,Précision_Passes,80.68,%
66,77,2022-2023,Tacles_Réussis,61.98,%
67,658,2022-2023,Précision_Passes,71.42,%
68,658,2022-2023,Minutes_Totales,1527.0,minutes
69,89,2022-2023,Distance_Parcourue_Match,9.83,km
70,89,2022-2023,Vitesse_Max,32.4,km/h
71,89,2022-2023,Conversion_Tirs_Buts,33.07,%
72,897,2022-2023,Distance_Parcourue_Match,9.83,km
73,897,2022-2023,Vitesse_Max,32.4,km/h
74,897,2022-2023,Conversion_Tirs_Buts,33.07,%
75,726,2022-2023,Distance_Parcourue_Match,10.19,km
76,726,2022-2023,Précision_Passes,89.31,%
77,726,2022-2023,Tirs_Cadrés,42.51,%
78,849,2022-2023,Distance_Parcourue_Match,10.19,km
79,849,2022-2023,Précision_Passes,89.31,%
80,849,2022-2023,Tirs_Cadrés,42.51,%
81,30,2022-2023,Distance_Parcourue_Match,9.83,km
82,30,2022-2023,Vitesse_Max,32.4,km/h
83,30,2022-2023,Conversion_Tirs_Buts,33.07,%
84,809,2022-2023,Distance_Parcourue_Match,9.83,km
85,809,2022-2023,Vitesse_Max,32.4,km/h
86,809,2022-2023,Conversion_Tirs_Buts,33.07,%
87,489,2022-2023,Précision_Passes,71.42,%
88,489,2022-2023,Minutes_Totales,1527.0,minutes
89,886,2022-2023,Précision_Passes,71.42,%
90,886,2022-2023,Minutes_Totales,1527.0,minutes
91,491,2022-2023,Distance_Parcourue_Match,10.19,km
92,491,2022-2023,Précision_Passes,89.31,%
93,491,2022-2023,Tirs_Cadrés,42.51,%
94,697,2022-2023,Précision_Passes,71.42,%
95,697,2022-2023,Minutes_Totales,1527.0,minutes
96,567,2022-2023,Précision_Passes,71.42,%
97,567,2022-2023,Minutes_Totales,1527.0,minutes
98,786,2022-2023,Précision_Passes,71.42,%
99,786,2022-2023,Minutes_Totales,1527.0,minutes
100,428,2022-2023,Distance_Parcourue_Match,9.83,km
101,428,2022-2023,Vitesse_Max,32.4,km/h
102,428,2022-2023,Conversion_Tirs_Buts,33.07,%
103,188,2022-2023,Distance_Parcourue_Match,9.83,km
104,188,2022-2023,Vitesse_Max,32.4,km/h
105,188,2022-2023,Conversion_Tirs_Buts,33.07,%
106,286,2022-2023,Distance_Parcourue_Match,8.75,km
107,286,2022-2023,Précision_Passes,80.68,%
108,286,2022-2023,Tacles_Réussis,61.98,%
109,628,2022-2023,Distance_Parcourue_Match,10.19,km
110,628,2022-2023,Précision_Passes,89.31,%
111,628,2022-2023,Tirs_Cadrés,42.51,%
112,774,2022-2023,Distance_Parcourue_Match,9.83,km
113,774,2022-2023,Vitesse_Max,32.4,km/h
114,774,2022-2023,Conversion_Tirs_Buts,33.07,%
115,843,2022-2023,Précision_Passes,71.42,%
116,843,2022-2023,Minutes_Totales,1527.0,minutes
117,313,2022-2023,Distance_Parcourue_Match,8.75,km
118,313,2022-2023,Précision_Passes,80.68,%
119,313,2022-2023,Tacles_Réussis,61.98,%
120,213,2022-2023,Précision_Passes,71.42,%
121,213,2022-2023,Minutes_Totales,1527.0,minutes
122,311,2022-2023,Distance_Parcourue_Match,9.83,km
123,311,2022-2023,Vitesse_Max,32.4,km/h
124,311,2022-2023,Conversion_Tirs_Buts,33.07,%
125,968,2022-2023,Distance_Parcourue_Match,8.75,km
126,968,2022-2023,Précision_Passes,80.68,%
127,968,2022-2023,Tacles_Réussis,61.98,%
128,249,2022-2023,Distance_Parcourue_Match,8.75,km
129,249,2022-2023,Précision_Passes,80.68,%
130,249,2022-2023,Tacles_Réussis,61.98,%
131,588,2022-2023,Distance_Parcourue_Match,9.83,km
132,588,2022-2023,Vitesse_Max,32.4,km/h
133,588,2022-2023,Conversion_Tirs_Buts,33.07,%
134,168,2022-2023,Précision_Passes,71.42,%
135,168,2022-2023,Minutes_Totales,1527.0,minutes
136,610,2022-2023,Précision_Passes,71.42,%
137,610,2022-2023,Minutes_Totales,1527.0,minutes
138,145,2022-2023,Distance_Parcourue_Match,9.83,km
139,145,2022-2023,Vitesse_Max,32.4,km/h
140,145,2022-2023,Conversion_Tirs_Buts,33.07,%
141,204,2022-2023,Distance_Parcourue_Match,10.19,km
142,204,2022-2023,Précision_Passes,89.31,%
143,204,2022-2023,Tirs_Cadrés,42.51,%
144,654,2022-2023,Distance_Parcourue_Match,9.83,km
145,654,2022-2023,Vitesse_Max,32.4,km/h
146,654,2022-2023,Conversion_Tirs_Buts,33.07,%
147,893,2022-2023,Distance_Parcourue_Match,10.19,km
148,893,2022-2023,Précision_Passes,89.31,%
149,893,2022-2023,Tirs_Cadrés,42.51,%
150,236,2022-2023,Distance_Parcourue_Match,10.19,km
151,236,2022-2023,Précision_Passes,89.31,%
152,236,2022-2023,Tirs_Cadrés,42.51,%
153,917,2022-2023,Distance_Parcourue_Match,8.75,km
154,917,2022-2023,Précision_Passes,80.68,%
155,917,2022-2023,Tacles_Réussis,61.98,%
156,617,2022-2023,Précision_Passes,71.42,%
157,617,2022-2023,Minutes_Totales,1527.0,minutes
158,509,2022-2023,Distance_Parcourue_Match,10.19,km
159,509,2022-2023,Précision_Passes,89.31,%
160,509,2022-2023,Tirs_Cadrés,42.51,%
161,354,2022-2023,Distance_Parcourue_Match,9.83,km
162,354,2022-2023,Vitesse_Max,32.4,km/h
163,354,2022-2023,Conversion_Tirs_Buts,33.07,%
164,79,2022-2023,Distance_Parcourue_Match,8.75,km
165,79,2022-2023,Précision_Passes,80.68,%
166,79,2022-2023,Tacles_Réussis,61.98,%
167,582,2022-2023,Distance_Parcourue_Match,8.75,km
168,582,2022-2023,Précision_Passes,80.68,%
169,582,2022-2023,Tacles_Réussis,61.98,%
170,316,2022-2023,Distance_Parcourue_Match,10.19,km
171,316,2022-2023,Précision_Passes,89.31,%
172,316,2022-2023,Tirs_Cadrés,42.51,%
173,205,2022-2023,Distance_Parcourue_Match,10.19,km
174,205,2022-2023,Précision_Passes,89.31,%
175,205,2022-2023,Tirs_Cadrés,42.51,%
176,565,2022-2023,Distance_Parcourue_Match,9.83,km
177,565,2022-2023,Vitesse_Max,32.4,km/h
178,565,2022-2023,Conversion_Tirs_Buts,33.07,%
179,723,2022-2023,Distance_Parcourue_Match,8.75,km
180,723,2022-2023,Précision_Passes,80.68,%
181,723,2022-2023,Tacles_Réussis,61.98,%
182,301,2022-2023,Distance_Parcourue_Match,8.75,km
183,301,2022-2023,Précision_Passes,80.68,%
184,301,2022-2023,Tacles_Réussis,61.98,%
185,689,2022-2023,Distance_Parcourue_Match,8.75,km
186,689,2022-2023,Précision_Passes,80.68,%
187,689,2022-2023,Tacles_Réussis,61.98,%
188,767,2022-2023,Distance_Parcourue_Match,8.75,km
189,767,2022-2023,Précision_Passes,80.68,%
190,767,2022-2023,Tacles_Réussis,61.98,%
191,409,2022-2023,Distance_Parcourue_Match,9.83,km
192,409,2022-2023,Vitesse_Max,32.4,km/h
193,409,2022-2023,Conversion_Tirs_Buts,33.07,%
194,829,2022-2023,Précision_Passes,71.42,%
195,829,2022-2023,Minutes_Totales,1527.0,minutes
196,449,2022-2023,Distance_Parcourue_Match,9.83,km
197,449,2022-2023,Vitesse_Max,32.4,km/h
198,449,2022-2023,Conversion_Tirs_Buts,33.07,%
199,219,2022-2023,Distance_Parcourue_Match,8.75,km
200,219,2022-2023,Précision_Passes,80.68,%
201,219,2022-2023,Tacles_Réussis,61.98,%
202,260,2022-2023,Distance_Parcourue_Match,9.83,km
203,260,2022-2023,Vitesse_Max,32.4,km/h
204,260,2022-2023,Conversion_Tirs_Buts,33.07,%
205,982,2022-2023,Distance_Parcourue_Match,8.75,km
206,982,2022-2023,Précision_Passes,80.68,%
207,982,2022-2023,Tacles_Réussis,61.98,%
208,432,2022-2023,Distance_Parcourue_Match,8.75,km
209,432,2022-2023,Précision_Passes,80.68,%
210,432,2022-2023,Tacles_Réussis,61.98,%
211,42,2022-2023,Distance_Parcourue_Match,10.19,km
212,42,2022-2023,Précision_Passes,89.31,%
213,42,2022-2023,Tirs_Cadrés,42.51,%
214,587,2022-2023,Distance_Parcourue_Match,10.19,km
215,587,2022-2023,Précision_Passes,89.31,%
216,587,2022-2023,Tirs_Cadrés,42.51,%
217,297,2022-2023,Distance_Parcourue_Match,8.75,km
218,297,2022-2023,Précision_Passes,80.68,%
219,297,2022-2023,Tacles_Réussis,61.98,%
220,669,2022-2023,Distance_Parcourue_Match,10.19,km
221,669,2022-2023,Précision_Passes,89.31,%
222,669,2022-2023,Tirs_Cadrés,42.51,%
223,578,2022-2023,Distance_Parcourue_Match,10.19,km
224,578,2022-2023,Précision_Passes,89.31,%
225,578,2022-2023,Tirs_Cadrés,42.51,%
226,810,2022-2023,Distance_Parcourue_Match,10.19,km
227,810,2022-2023,Précision_Passes,89.31,%
228,810,2022-2023,Tirs_Cadrés,42.51,%
229,550,2022-2023,Distance_Parcourue_Match,8.75,km
230,550,2022-2023,Précision_Passes,80.68,%
231,550,2022-2023,Tacles_Réussis,61.98,%
232,275,2022-2023,Distance_Parcourue_Match,10.19,km
233,275,2022-2023,Précision_Passes,89.31,%
234,275,2022-2023,Tirs_Cadrés,42.51,%
235,104,2022-2023,Distance_Parcourue_Match,10.19,km
236,104,2022-2023,Précision_Passes,89.31,%
237,104,2022-2023,Tirs_Cadrés,42.51,%
238,472,2022-2023,Distance_Parcourue_Match,9.83,km
239,472,2022-2023,Vitesse_Max,32.4,km/h
240,472,2022-2023,Conversion_Tirs_Buts,33.07,%
241,862,2022-2023,Distance_Parcourue_Match,9.83,km
242,862,2022-2023,Vitesse_Max,32.4,km/h
243,862,2022-2023,Conversion_Tirs_Buts,33.07,%
244,668,2022-2023,Distance_Parcourue_Match,10.19,km
245,668,2022-2023,Précision_Passes,89.31,%
246,668,2022-2023,Tirs_Cadrés,42.51,%
247,162,2022-2023,Distance_Parcourue_Match,10.19,km
248,162,2022-2023,Précision_Passes,89.31,%
249,162,2022-2023,Tirs_Cadrés,42.51,%
250,621,2022-2023,Distance_Parcourue_Match,8.75,km
251,621,2022-2023,Précision_Passes,80.68,%
252,621,2022-2023,Tacles_Réussis,61.98,%
253,176,2022-2023,Distance_Parcourue_Match,8.75,km
254,176,2022-2023,Précision_Passes,80.68,%
255,176,2022-2023,Tacles_Réussis,61.98,%
256,115,2022-2023,Distance_Parcourue_Match,8.75,km
257,115,2022-2023,Précision_Passes,80.68,%
258,115,2022-2023,Tacles_Réussis,61.98,%
259,98,2022-2023,Distance_Parcourue_Match,10.19,km
260,98,2022-2023,Précision_Passes,89.31,%
261,98,2022-2023,Tirs_Cadrés,42.51,%
262,879,2022-2023,Distance_Parcourue_Match,9.83,km
263,879,2022-2023,Vitesse_Max,32.4,km/h
264,879,2022-2023,Conversion_Tirs_Buts,33.07,%
265,666,2022-2023,Distance_Parcourue_Match,8.75,km
266,666,2022-2023,Précision_Passes,80.68,%
267,666,2022-2023,Tacles_Réussis,61.98,%
268,445,2022-2023,Distance_Parcourue_Match,10.19,km
269,445,2022-2023,Précision_Passes,89.31,%
270,445,2022-2023,Tirs_Cadrés,42.51,%
271,164,2022-2023,Distance_Parcourue_Match,10.19,km
272,164,2022-2023,Précision_Passes,89.31,%
273,164,2022-2023,Tirs_Cadrés,42.51,%
274,242,2022-2023,Distance_Parcourue_Match,10.19,km
275,242,2022-2023,Précision_Passes,89.31,%
276,242,2022-2023,Tirs_Cadrés,42.51,%
277,527,2022-2023,Distance_Parcourue_Match,9.83,km
278,527,2022-2023,Vitesse_Max,32.4,km/h
279,527,2022-2023,Conversion_Tirs_Buts,33.07,%
280,906,2022-2023,Distance_Parcourue_Match,10.19,km
281,906,2022-2023,Précision_Passes,89.31,%
282,906,2022-2023,Tirs_Cadrés,42.51,%
283,469,2022-2023,Distance_Parcourue_Match,10.19,km
284,469,2022-2023,Précision_Passes,89.31,%
285,469,2022-2023,Tirs_Cadrés,42.51,%
286,646,2022-2023,Distance_Parcourue_Match,10.19,km
287,646,2022-2023,Précision_Passes,89.31,%
288,646,2022-2023,Tirs_Cadrés,42.51,%
289,261,2022-2023,Distance_Parcourue_Match,10.19,km
290,261,2022-2023,Précision_Passes,89.31,%
291,261,2022-2023,Tirs_Cadrés,42.51,%
292,47,2022-2023,Distance_Parcourue_Match,8.75,km
293,47,2022-2023,Précision_Passes,80.68,%
294,47,2022-2023,Tacles_Réussis,61.98,%
295,753,2022-2023,Distance_Parcourue_Match,8.75,km
296,753,2022-2023,Précision_Passes,80.68,%
297,753,2022-2023,Tacles_Réussis,61.98,%
298,793,2022-2023,Distance_Parcourue_Match,9.83,km
299,793,2022-2023,Vitesse_Max,32.4,km/h
300,793,2022-2023,Conversion_Tirs_Buts,33.07,%
301,826,2022-2023,Distance_Parcourue_Match,9.83,km
302,826,2022-2023,Vitesse_Max,32.4,km/h
303,826,2022-2023,Conversion_Tirs_Buts,33.07,%
304,229,2022-2023,Distance_Parcourue_Match,9.83,km
305,229,2022-2023,Vitesse_Max,32.4,km/h
306,229,2022-2023,Conversion_Tirs_Buts,33.07,%
307,811,2022-2023,Distance_Parcourue_Match,8.75,km
308,811,2022-2023,Précision_Passes,80.68,%
309,811,2022-2023,Tacles_Réussis,61.98,%
310,269,2022-2023,Distance_Parcourue_Match,9.83,km
311,269,2022-2023,Vitesse_Max,32.4,km/h
312,269,2022-2023,Conversion_Tirs_Buts,33.07,%
313,101,2022-2023,Distance_Parcourue_Match,10.19,km
314,101,2022-2023,Précision_Passes,89.31,%
315,101,2022-2023,Tirs_Cadrés,42.51,%
316,359,2022-2023,Distance_Parcourue_Match,9.83,km
317,359,2022-2023,Vitesse_Max,32.4,km/h
318,359,2022-2023,Conversion_Tirs_Buts,33.07,%
319,11,2022-2023,Distance_Parcourue_Match,8.75,km
320,11,2022-2023,Précision_Passes,80.68,%
321,11,2022-2023,Tacles_Réussis,61.98,%
322,461,2022-2023,Distance_Parcourue_Match,8.75,km
323,461,2022-2023,Précision_Passes,80.68,%
324,461,2022-2023,Tacles_Réussis,61.98,%
325,802,2022-2023,Distance_Parcourue_Match,10.19,km
326,802,2022-2023,Précision_Passes,89.31,%
327,802,2022-2023,Tirs_Cadrés,42.51,%
328,871,2022-2023,Distance_Parcourue_Match,8.75,km
329,871,2022-2023,Précision_Passes,80.68,%
330,871,2022-2023,Tacles_Réussis,61.98,%
331,561,2022-2023,Distance_Parcourue_Match,10.19,km
332,561,2022-2023,Précision_Passes,89.31,%
333,561,2022-2023,Tirs_Cadrés,42.51,%
334,931,2022-2023,Distance_Parcourue_Match,9.83,km
335,931,2022-2023,Vitesse_Max,32.4,km/h
336,931,2022-2023,Conversion_Tirs_Buts,33.07,%
337,376,2022-2023,Distance_Parcourue_Match,10.19,km
338,376,2022-2023,Précision_Passes,89.31,%
339,376,2022-2023,Tirs_Cadrés,42.51,%
340,529,2022-2023,Distance_Parcourue_Match,8.75,km
341,529,2022-2023,Précision_Passes,80.68,%
342,529,2022-2023,Tacles_Réussis,61.98,%
343,680,2022-2023,Distance_Parcourue_Match,8.75,km
344,680,2022-2023,Précision_Passes,80.68,%
345,680,2022-2023,Tacles_Réussis,61.98,%
346,833,2022-2023,Distance_Parcourue_Match,9.83,km
347,833,2022-2023,Vitesse_Max,32.4,km/h
348,833,2022-2023,Conversion_Tirs_Buts,33.07,%
349,657,2022-2023,Distance_Parcourue_Match,8.75,km
350,657,2022-2023,Précision_Passes,80.68,%
351,657,2022-2023,Tacles_Réussis,61.98,%
352,571,2022-2023,Distance_Parcourue_Match,8.75,km
353,571,2022-2023,Précision_Passes,80.68,%
354,571,2022-2023,Tacles_Réussis,61.98,%
355,832,2022-2023,Distance_Parcourue_Match,10.19,km
356,832,2022-2023,Précision_Passes,89.31,%
357,832,2022-2023,Tirs_Cadrés,42.51,%
358,215,2022-2023,Distance_Parcourue_Match,9.83,km
359,215,2022-2023,Vitesse_Max,32.4,km/h
360,215,2022-2023,Conversion_Tirs_Buts,33.07,%
361,757,2022-2023,Distance_Parcourue_Match,10.19,km
362,757,2022-2023,Précision_Passes,89.31,%
363,757,2022-2023,Tirs_Cadrés,42.51,%
364,884,2022-2023,Distance_Parcourue_Match,10.19,km
365,884,2022-2023,Précision_Passes,89.31,%
366,884,2022-2023,Tirs_Cadrés,42.51,%
367,93,2022-2023,Distance_Parcourue_Match,8.75,km
368,93,2022-2023,Précision_Passes,80.68,%
369,93,2022-2023,Tacles_Réussis,61.98,%
370,476,2022-2023,Distance_Parcourue_Match,9.83,km
371,476,2022-2023,Vitesse_Max,32.4,km/h
372,476,2022-2023,Conversion_Tirs_Buts,33.07,%
373,939,2022-2023,Distance_Parcourue_Match,10.19,km
374,939,2022-2023,Précision_Passes,89.31,%
375,939,2022-2023,Tirs_Cadrés,42.51,%
376,434,2022-2023,Distance_Parcourue_Match,10.19,km
377,434,2022-2023,Précision_Passes,89.31,%
378,434,2022-2023,Tirs_Cadrés,42.51,%
379,892,2022-2023,Distance_Parcourue_Match,8.75,km
380,892,2022-2023,Précision_Passes,80.68,%
381,892,2022-2023,Tacles_Réussis,61.98,%
382,348,2022-2023,Distance_Parcourue_Match,10.19,km
383,348,2022-2023,Précision_Passes,89.31,%
384,348,2022-2023,Tirs_Cadrés,42.51,%
385,87,2022-2023,Distance_Parcourue_Match,8.75,km
386,87,2022-2023,Précision_Passes,80.68,%
387,87,2022-2023,Tacles_Réussis,61.98,%
388,942,2022-2023,Distance_Parcourue_Match,9.83,km
389,942,2022-2023,Vitesse_Max,32.4,km/h
390,942,2022-2023,Conversion_Tirs_Buts,33.07,%
391,152,2022-2023,Distance_Parcourue_Match,10.19,km
392,152,2022-2023,Précision_Passes,89.31,%
393,152,2022-2023,Tirs_Cadrés,42.51,%
394,748,2022-2023,Distance_Parcourue_Match,9.83,km
395,748,2022-2023,Vitesse_Max,32.4,km/h
396,748,2022-2023,Conversion_Tirs_Buts,33.07,%
397,56,2022-2023,Distance_Parcourue_Match,10.19,km
398,56,2022-2023,Précision_Passes,89.31,%
399,56,2022-2023,Tirs_Cadrés,42.51,%
400,147,2022-2023,Distance_Parcourue_Match,8.75,km
401,147,2022-2023,Précision_Passes,80.68,%
402,147,2022-2023,Tacles_Réussis,61.98,%
403,270,2022-2023,Distance_Parcourue_Match,10.19,km
404,270,2022-2023,Précision_Passes,89.31,%
405,270,2022-2023,Tirs_Cadrés,42.51,%
406,914,2022-2023,Distance_Parcourue_Match,8.75,km
407,914,2022-2023,Précision_Passes,80.68,%
408,914,2022-2023,Tacles_Réussis,61.98,%
409,393,2022-2023,Distance_Parcourue_Match,10.19,km
410,393,2022-2023,Précision_Passes,89.31,%
411,393,2022-2023,Tirs_Cadrés,42.51,%
412,825,2022-2023,Distance_Parcourue_Match,9.83,km
413,825,2022-2023,Vitesse_Max,32.4,km/h
414,825,2022-2023,Conversion_Tirs_Buts,33.07,%
415,212,2022-2023,Distance_Parcourue_Match,10.19,km
416,212,2022-2023,Précision_Passes,89.31,%
417,212,2022-2023,Tirs_Cadrés,42.51,%
418,756,2022-2023,Distance_Parcourue_Match,9.83,km
419,756,2022-2023,Vitesse_Max,32.4,km/h
420,756,2022-2023,Conversion_Tirs_Buts,33.07,%
421,211,2022-2023,Distance_Parcourue_Match,10.19,km
422,211,2022-2023,Précision_Passes,89.31,%
423,211,2022-2023,Tirs_Cadrés,42.51,%
424,827,2022-2023,Distance_Parcourue_Match,10.19,km
425,827,2022-2023,Précision_Passes,89.31,%
426,827,2022-2023,Tirs_Cadrés,42.51,%
427,124,2022-2023,Distance_Parcourue_Match,8.75,km
428,124,2022-2023,Précision_Passes,80.68,%
429,124,2022-2023,Tacles_Réussis,61.98,%
430,468,2022-2023,Distance_Parcourue_Match,10.19,km
431,468,2022-2023,Précision_Passes,89.31,%
432,468,2022-2023,Tirs_Cadrés,42.51,%
433,341,2022-2023,Distance_Parcourue_Match,9.83,km
434,341,2022-2023,Vitesse_Max,32.4,km/h
435,341,2022-2023,Conversion_Tirs_Buts,33.07,%
436,974,2022-2023,Distance_Parcourue_Match,8.75,km
437,974,2022-2023,Précision_Passes,80.68,%
438,974,2022-2023,Tacles_Réussis,61.98,%
439,439,2022-2023,Distance_Parcourue_Match,10.19,km
440,439,2022-2023,Précision_Passes,89.31,%
441,439,2022-2023,Tirs_Cadrés,42.51,%
442,818,2022-2023,Distance_Parcourue_Match,10.19,km
443,818,2022-2023,Précision_Passes,89.31,%
444,818,2022-2023,Tirs_Cadrés,42.51,%
445,688,2022-2023,Distance_Parcourue_Match,8.75,km
446,688,2022-2023,Précision_Passes,80.68,%
447,688,2022-2023,Tacles_Réussis,61.98,%
448,807,2022-2023,Distance_Parcourue_Match,8.75,km
449,807,2022-2023,Précision_Passes,80.68,%
450,807,2022-2023,Tacles_Réussis,61.98,%
451,180,2022-2023,Distance_Parcourue_Match,8.75,km
452,180,2022-2023,Précision_Passes,80.68,%
453,180,2022-2023,Tacles_Réussis,61.98,%
454,607,2022-2023,Distance_Parcourue_Match,10.19,km
455,607,2022-2023,Précision_Passes,89.31,%
456,607,2022-2023,Tirs_Cadrés,42.51,%
457,895,2022-2023,Distance_Parcourue_Match,10.19,km
458,895,2022-2023,Précision_Passes,89.31,%
459,895,2022-2023,Tirs_Cadrés,42.51,%
460,678,2022-2023,Distance_Parcourue_Match,10.19,km
461,678,2022-2023,Précision_Passes,89.31,%
462,678,2022-2023,Tirs_Cadrés,42.51,%
463,107,2022-2023,Distance_Parcourue_Match,8.75,km
464,107,2022-2023,Précision_Passes,80.68,%
465,107,2022-2023,Tacles_Réussis,61.98,%
466,32,2022-2023,Distance_Parcourue_Match,10.19,km
467,32,2022-2023,Précision_Passes,89.31,%
468,32,2022-2023,Tirs_Cadrés,42.51,%
469,881,2022-2023,Distance_Parcourue_Match,8.75,km
470,881,2022-2023,Précision_Passes,80.68,%
471,881,2022-2023,Tacles_Réussis,61.98,%
472,600,2022-2023,Distance_Parcourue_Match,10.19,km
473,600,2022-2023,Précision_Passes,89.31,%
474,600,2022-2023,Tirs_Cadrés,42.51,%
475,836,2022-2023,Distance_Parcourue_Match,9.83,km
476,836,2022-2023,Vitesse_Max,32.4,km/h
477,836,2022-2023,Conversion_Tirs_Buts,33.07,%
478,88,2022-2023,Distance_Parcourue_Match,9.83,km
479,88,2022-2023,Vitesse_Max,32.4,km/h
480,88,2022-2023,Conversion_Tirs_Buts,33.07,%
481,285,2022-2023,Distance_Parcourue_Match,9.83,km
482,285,2022-2023,Vitesse_Max,32.4,km/h
483,285,2022-2023,Conversion_Tirs_Buts,33.07,%
484,718,2022-2023,Distance_Parcourue_Match,9.83,km
485,718,2022-2023,Vitesse_Max,32.4,km/h
486,718,2022-2023,Conversion_Tirs_Buts,33.07,%
487,944,2023-2024,Précision_Passes,71.42,%
488,944,2023-2024,Minutes_Totales,1527.0,minutes
489,866,2023-2024,Précision_Passes,71.42,%
490,866,2023-2024,Minutes_Totales,1527.0,minutes
491,237,2023-2024,Précision_Passes,71.42,%
492,237,2023-2024,Minutes_Totales,1527.0,minutes
493,728,2023-2024,Précision_Passes,71.42,%
494,728,2023-2024,Minutes_Totales,1527.0,minutes
495,406,2023-2024,Précision_Passes,71.42,%
496,406,2023-2024,Minutes_Totales,1527.0,minutes
497,731,2023-2024,Précision_Passes,71.42,%
498,731,2023-2024,Minutes_Totales,1527.0,minutes
499,380,2023-2024,Distance_Parcourue_Match,10.19,km
500,380,2023-2024,Précision_Passes,89.31,%
501,380,2023-2024,Tirs_Cadrés,42.51,%
502,414,2023-2024,Précision_Passes,71.42,%
503,414,2023-2024,Minutes_Totales,1527.0,minutes
504,976,2023-2024,Distance_Parcourue_Match,9.83,km
505,976,2023-2024,Vitesse_Max,32.4,km/h
506,976,2023-2024,Conversion_Tirs_Buts,33.07,%
507,590,2023-2024,Distance_Parcourue_Match,8.75,km
508,590,2023-2024,Précision_Passes,80.68,%
509,590,2023-2024,Tacles_Réussis,61.98,%
510,715,2023-2024,Distance_Parcourue_Match,8.75,km
511,715,2023-2024,Précision_Passes,80.68,%
512,715,2023-2024,Tacles_Réussis,61.98,%
513,342,2023-2024,Distance_Parcourue_Match,8.75,km
514,342,2023-2024,Précision_Passes,80.68,%
515,342,2023-2024,Tacles_Réussis,61.98,%
516,258,2023-2024,Distance_Parcourue_Match,10.19,km
517,258,2023-2024,Précision_Passes,89.31,%
518,258,2023-2024,Tirs_Cadrés,42.51,%
519,18,2023-2024,Distance_Parcourue_Match,9.83,km
520,18,2023-2024,Vitesse_Max,32.4,km/h
521,18,2023-2024,Conversion_Tirs_Buts,33.07,%
522,943,2023-2024,Distance_Parcourue_Match,9.83,km
523,943,2023-2024,Vitesse_Max,32.4,km/h
524,943,2023-2024,Conversion_Tirs_Buts,33.07,%
525,996,2023-2024,Distance_Parcourue_Match,10.19,km
526,996,2023-2024,Précision_Passes,89.31,%
527,996,2023-2024,Tirs_Cadrés,42.51,%
528,38,2023-2024,Distance_Parcourue_Match,10.19,km
529,38,2023-2024,Précision_Passes,89.31,%
530,38,2023-2024,Tirs_Cadrés,42.51,%
531,206,2023-2024,Distance_Parcourue_Match,10.19,km
532,206,2023-2024,Précision_Passes,89.31,%
533,206,2023-2024,Tirs_Cadrés,42.51,%
534,573,2023-2024,Précision_Passes,71.42,%
535,573,2023-2024,Minutes_Totales,1527.0,minutes
536,100,2023-2024,Distance_Parcourue_Match,8.75,km
537,100,2023-2024,Précision_Passes,80.68,%
538,100,2023-2024,Tacles_Réussis,61.98,%
539,831,2023-2024,Distance_Parcourue_Match,10.19,km
540,831,2023-2024,Précision_Passes,89.31,%
541,831,2023-2024,Tirs_Cadrés,42.51,%
542,97,2023-2024,Précision_Passes,71.42,%
543,97,2023-2024,Minutes_Totales,1527.0,minutes
544,664,2023-2024,Distance_Parcourue_Match,10.19,km
545,664,2023-2024,Précision_Passes,89.31,%
546,664,2023-2024,Tirs_Cadrés,42.51,%
547,66,2023-2024,Distance_Parcourue_Match,9.83,km
548,66,2023-2024,Vitesse_Max,32.4,km/h
549,66,2023-2024,Conversion_Tirs_Buts,33.07,%
550,77,2023-2024,Distance_Parcourue_Match,8.75,km
551,77,2023-2024,Précision_Passes,80.68,%
552,77,2023-2024,Tacles_Réussis,61.98,%
553,658,2023-2024,Précision_Passes,71.42,%
554,658,2023-2024,Minutes_Totales,1527.0,minutes
555,89,2023-2024,Distance_Parcourue_Match,9.83,km
556,89,2023-2024,Vitesse_Max,32.4,km/h
557,89,2023-2024,Conversion_Tirs_Buts,33.07,%
558,897,2023-2024,Distance_Parcourue_Match,9.83,km
559,897,2023-2024,Vitesse_Max,32.4,km/h
560,897,2023-2024,Conversion_Tirs_Buts,33.07,%
561,726,2023-2024,Distance_Parcourue_Match,10.19,km
562,726,2023-2024,Précision_Passes,89.31,%
563,726,2023-2024,Tirs_Cadrés,42.51,%
564,849,2023-2024,Distance_Parcourue_Match,10.19,km
565,849,2023-2024,Précision_Passes,89.31,%
566,849,2023-2024,Tirs_Cadrés,42.51,%
567,30,2023-2024,Distance_Parcourue_Match,9.83,km
568,30,2023-2024,Vitesse_Max,32.4,km/h
569,30,2023-2024,Conversion_Tirs_Buts,33.07,%
570,809,2023-2024,Distance_Parcourue_Match,9.83,km
571,809,2023-2024,Vitesse_Max,32.4,km/h
572,809,2023-2024,Conversion_Tirs_Buts,33.07,%
573,489,2023-2024,Précision_Passes,71.42,%
574,489,2023-2024,Minutes_Totales,1527.0,minutes
575,886,2023-2024,Précision_Passes,71.42,%
576,886,2023-2024,Minutes_Totales,1527.0,minutes
577,491,2023-2024,Distance_Parcourue_Match,10.19,km
578,491,2023-2024,Précision_Passes,89.31,%
579,491,2023-2024,Tirs_Cadrés,42.51,%
580,697,2023-2024,Précision_Passes,71.42,%
581,697,2023-2024,Minutes_Totales,1527.0,minutes
582,567,2023-2024,Précision_Passes,71.42,%
583,567,2023-2024,Minutes_Totales,1527.0,minutes
584,786,2023-2024,Précision_Passes,71.42,%
585,786,2023-2024,Minutes_Totales,1527.0,minutes
586,428,2023-2024,Distance_Parcourue_Match,9.83,km
587,428,2023-2024,Vitesse_Max,32.4,km/h
588,428,2023-2024,Conversion_Tirs_Buts,33.07,%
589,188,2023-2024,Distance_Parcourue_Match,9.83,km
590,188,2023-2024,Vitesse_Max,32.4,km/h
591,188,2023-2024,Conversion_Tirs_Buts,33.07,%
592,286,2023-2024,Distance_Parcourue_Match,8.75,km
593,286,2023-2024,Précision_Passes,80.68,%
594,286,2023-2024,Tacles_Réussis,61.98,%
595,628,2023-2024,Distance_Parcourue_Match,10.19,km
596,628,2023-2024,Précision_Passes,89.31,%
597,628,2023-2024,Tirs_Cadrés,42.51,%
598,774,2023-2024,Distance_Parcourue_Match,9.83,km
599,774,2023-2024,Vitesse_Max,32.4,km/h
600,774,2023-2024,Conversion_Tirs_Buts,33.07,%
601,843,2023-2024,Précision_Passes,71.42,%
602,843,2023-2024,Minutes_Totales,1527.0,minutes
603,313,2023-2024,Distance_Parcourue_Match,8.75,km
604,313,2023-2024,Précision_Passes,80.68,%
605,313,2023-2024,Tacles_Réussis,61.98,%
606,213,2023-2024,Précision_Passes,71.42,%
607,213,2023-2024,Minutes_Totales,1527.0,minutes
608,311,2023-2024,Distance_Parcourue_Match,9.83,km
609,311,2023-2024,Vitesse_Max,32.4,km/h
610,311,2023-2024,Conversion_Tirs_Buts,33.07,%
611,968,2023-2024,Distance_Parcourue_Match,8.75,km
612,968,2023-2024,Précision_Passes,80.68,%
613,968,2023-2024,Tacles_Réussis,61.98,%
614,249,2023-2024,Distance_Parcourue_Match,8.75,km
615,249,2023-2024,Précision_Passes,80.68,%
616,249,2023-2024,Tacles_Réussis,61.98,%
617,588,2023-2024,Distance_Parcourue_Match,9.83,km
618,588,2023-2024,Vitesse_Max,32.4,km/h
619,588,2023-2024,Conversion_Tirs_Buts,33.07,%
620,168,2023-2024,Précision_Passes,71.42,%
621,168,2023-2024,Minutes_Totales,1527.0,minutes
622,610,2023-2024,Précision_Passes,71.42,%
623,610,2023-2024,Minutes_Totales,1527.0,minutes
624,145,2023-2024,Distance_Parcourue_Match,9.83,km
625,145,2023-2024,Vitesse_Max,32.4,km/h
626,145,2023-2024,Conversion_Tirs_Buts,33.07,%
627,204,2023-2024,Distance_Parcourue_Match,10.19,km
628,204,2023-2024,Précision_Passes,89.31,%
629,204,2023-2024,Tirs_Cadrés,42.51,%
630,654,2023-2024,Distance_Parcourue_Match,9.83,km
631,654,2023-2024,Vitesse_Max,32.4,km/h
632,654,2023-2024,Conversion_Tirs_Buts,33.07,%
633,893,2023-2024,Distance_Parcourue_Match,10.19,km
634,893,2023-2024,Précision_Passes,89.31,%
635,893,2023-2024,Tirs_Cadrés,42.51,%
636,236,2023-2024,Distance_Parcourue_Match,10.19,km
637,236,2023-2024,Précision_Passes,89.31,%
638,236,2023-2024,Tirs_Cadrés,42.51,%
639,917,2023-2024,Distance_Parcourue_Match,8.75,km
640,917,2023-2024,Précision_Passes,80.68,%
641,917,2023-2024,Tacles_Réussis,61.98,%
642,617,2023-2024,Précision_Passes,71.42,%
643,617,2023-2024,Minutes_Totales,1527.0,minutes
644,509,2023-2024,Distance_Parcourue_Match,10.19,km
645,509,2023-2024,Précision_Passes,89.31,%
646,509,2023-2024,Tirs_Cadrés,42.51,%
647,354,2023-2024,Distance_Parcourue_Match,9.83,km
648,354,2023-2024,Vitesse_Max,32.4,km/h
649,354,2023-2024,Conversion_Tirs_Buts,33.07,%
650,79,2023-2024,Distance_Parcourue_Match,8.75,km
651,79,2023-2024,Précision_Passes,80.68,%
652,79,2023-2024,Tacles_Réussis,61.98,%
653,582,2023-2024,Distance_Parcourue_Match,8.75,km
654,582,2023-2024,Précision_Passes,80.68,%
655,582,2023-2024,Tacles_Réussis,61.98,%
656,316,2023-2024,Distance_Parcourue_Match,10.19,km
657,316,2023-2024,Précision_Passes,89.31,%
658,316,2023-2024,Tirs_Cadrés,42.51,%
659,205,2023-2024,Distance_Parcourue_Match,10.19,km
660,205,2023-2024,Précision_Passes,89.31,%
661,205,2023-2024,Tirs_Cadrés,42.51,%
662,565,2023-2024,Distance_Parcourue_Match,9.83,km
663,565,2023-2024,Vitesse_Max,32.4,km/h
664,565,2023-2024,Conversion_Tirs_Buts,33.07,%
665,723,2023-2024,Distance_Parcourue_Match,8.75,km
666,723,2023-2024,Précision_Passes,80.68,%
667,723,2023-2024,Tacles_Réussis,61.98,%
668,301,2023-2024,Distance_Parcourue_Match,8.75,km
669,301,2023-2024,Précision_Passes,80.68,%
670,301,2023-2024,Tacles_Réussis,61.98,%
671,689,2023-2024,Distance_Parcourue_Match,8.75,km
672,689,2023-2024,Précision_Passes,80.68,%
673,689,2023-2024,Tacles_Réussis,61.98,%
674,767,2023-2024,Distance_Parcourue_Match,8.75,km
675,767,2023-2024,Précision_Passes,80.68,%
676,767,2023-2024,Tacles_Réussis,61.98,%
677,409,2023-2024,Distance_Parcourue_Match,9.83,km
678,409,2023-2024,Vitesse_Max,32.4,km/h
679,409,2023-2024,Conversion_Tirs_Buts,33.07,%
680,829,2023-2024,Précision_Passes,71.42,%
681,829,2023-2024,Minutes_Totales,1527.0,minutes
682,449,2023-2024,Distance_Parcourue_Match,9.83,km
683,449,2023-2024,Vitesse_Max,32.4,km/h
684,449,2023-2024,Conversion_Tirs_Buts,33.07,%
685,219,2023-2024,Distance_Parcourue_Match,8.75,km
686,219,2023-2024,Précision_Passes,80.68,%
687,219,2023-2024,Tacles_Réussis,61.98,%
688,260,2023-2024,Distance_Parcourue_Match,9.83,km
689,260,2023-2024,Vitesse_Max,32.4,km/h
690,260,2023-2024,Conversion_Tirs_Buts,33.07,%
691,982,2023-2024,Distance_Parcourue_Match,8.75,km
692,982,2023-2024,Précision_Passes,80.68,%
693,982,2023-2024,Tacles_Réussis,61.98,%
694,432,2023-2024,Distance_Parcourue_Match,8.75,km
695,432,2023-2024,Précision_Passes,80.68,%
696,432,2023-2024,Tacles_Réussis,61.98,%
697,42,2023-2024,Distance_Parcourue_Match,10.19,km
698,42,2023-2024,Précision_Passes,89.31,%
699,42,2023-2024,Tirs_Cadrés,42.51,%
700,587,2023-2024,Distance_Parcourue_Match,10.19,km
701,587,2023-2024,Précision_Passes,89.31,%
702,587,2023-2024,Tirs_Cadrés,42.51,%
703,297,2023-2024,Distance_Parcourue_Match,8.75,km
704,297,2023-2024,Précision_Passes,80.68,%
705,297,2023-2024,Tacles_Réussis,61.98,%
706,669,2023-2024,Distance_Parcourue_Match,10.19,km
707,669,2023-2024,Précision_Passes,89.31,%
708,669,2023-2024,Tirs_Cadrés,42.51,%
709,578,2023-2024,Distance_Parcourue_Match,10.19,km
710,578,2023-2024,Précision_Passes,89.31,%
711,578,2023-2024,Tirs_Cadrés,42.51,%
712,810,2023-2024,Distance_Parcourue_Match,10.19,km
713,810,2023-2024,Précision_Passes,89.31,%
714,810,2023-2024,Tirs_Cadrés,42.51,%
715,550,2023-2024,Distance_Parcourue_Match,8.75,km
716,550,2023-2024,Précision_Passes,80.68,%
717,550,2023-2024,Tacles_Réussis,61.98,%
718,275,2023-2024,Distance_Parcourue_Match,10.19,km
719,275,2023-2024,Précision_Passes,89.31,%
720,275,2023-2024,Tirs_Cadrés,42.51,%
721,104,2023-2024,Distance_Parcourue_Match,10.19,km
722,104,2023-2024,Précision_Passes,89.31,%
723,104,2023-2024,Tirs_Cadrés,42.51,%
724,472,2023-2024,Distance_Parcourue_Match,9.83,km
725,472,2023-2024,Vitesse_Max,32.4,km/h
726,472,2023-2024,Conversion_Tirs_Buts,33.07,%
727,862,2023-2024,Distance_Parcourue_Match,9.83,km
728,862,2023-2024,Vitesse_Max,32.4,km/h
729,862,2023-2024,Conversion_Tirs_Buts,33.07,%
730,668,2023-2024,Distance_Parcourue_Match,10.19,km
731,668,2023-2024,Précision_Passes,89.31,%
732,668,2023-2024,Tirs_Cadrés,42.51,%
733,162,2023-2024,Distance_Parcourue_Match,10.19,km
734,162,2023-2024,Précision_Passes,89.31,%
735,162,2023-2024,Tirs_Cadrés,42.51,%
736,621,2023-2024,Distance_Parcourue_Match,8.75,km
737,621,2023-2024,Précision_Passes,80.68,%
738,621,2023-2024,Tacles_Réussis,61.98,%
739,176,2023-2024,Distance_Parcourue_Match,8.75,km
740,176,2023-2024,Précision_Passes,80.68,%
741,176,2023-2024,Tacles_Réussis,61.98,%
742,115,2023-2024,Distance_Parcourue_Match,8.75,km
743,115,2023-2024,Précision_Passes,80.68,%
744,115,2023-2024,Tacles_Réussis,61.98,%
745,98,2023-2024,Distance_Parcourue_Match,10.19,km
746,98,2023-2024,Précision_Passes,89.31,%
747,98,2023-2024,Tirs_Cadrés,42.51,%
748,879,2023-2024,Distance_Parcourue_Match,9.83,km
749,879,2023-2024,Vitesse_Max,32.4,km/h
750,879,2023-2024,Conversion_Tirs_Buts,33.07,%
751,666,2023-2024,Distance_Parcourue_Match,8.75,km
752,666,2023-2024,Précision_Passes,80.68,%
753,666,2023-2024,Tacles_Réussis,61.98,%
754,445,2023-2024,Distance_Parcourue_Match,10.19,km
755,445,2023-2024,Précision_Passes,89.31,%
756,445,2023-2024,Tirs_Cadrés,42.51,%
757,164,2023-2024,Distance_Parcourue_Match,10.19,km
758,164,2023-2024,Précision_Passes,89.31,%
759,164,2023-2024,Tirs_Cadrés,42.51,%
760,242,2023-2024,Distance_Parcourue_Match,10.19,km
761,242,2023-2024,Précision_Passes,89.31,%
762,242,2023-2024,Tirs_Cadrés,42.51,%
763,527,2023-2024,Distance_Parcourue_Match,9.83,km
764,527,2023-2024,Vitesse_Max,32.4,km/h
765,527,2023-2024,Conversion_Tirs_Buts,33.07,%
766,906,2023-2024,Distance_Parcourue_Match,10.19,km
767,906,2023-2024,Précision_Passes,89.31,%
768,906,2023-2024,Tirs_Cadrés,42.51,%
769,469,2023-2024,Distance_Parcourue_Match,10.19,km
770,469,2023-2024,Précision_Passes,89.31,%
771,469,2023-2024,Tirs_Cadrés,42.51,%
772,646,2023-2024,Distance_Parcourue_Match,10.19,km
773,646,2023-2024,Précision_Passes,89.31,%
774,646,2023-2024,Tirs_Cadrés,42.51,%
775,261,2023-2024,Distance_Parcourue_Match,10.19,km
776,261,2023-2024,Précision_Passes,89.31,%
777,261,2023-2024,Tirs_Cadrés,42.51,%
778,47,2023-2024,Distance_Parcourue_Match,8.75,km
779,47,2023-2024,Précision_Passes,80.68,%
780,47,2023-2024,Tacles_Réussis,61.98,%
781,753,2023-2024,Distance_Parcourue_Match,8.75,km
782,753,2023-2024,Précision_Passes,80.68,%
783,753,2023-2024,Tacles_Réussis,61.98,%
784,793,2023-2024,Distance_Parcourue_Match,9.83,km
785,793,2023-2024,Vitesse_Max,32.4,km/h
786,793,2023-2024,Conversion_Tirs_Buts,33.07,%
787,826,2023-2024,Distance_Parcourue_Match,9.83,km
788,826,2023-2024,Vitesse_Max,32.4,km/h
789,826,2023-2024,Conversion_Tirs_Buts,33.07,%
790,229,2023-2024,Distance_Parcourue_Match,9.83,km
791,229,2023-2024,Vitesse_Max,32.4,km/h
792,229,2023-2024,Conversion_Tirs_Buts,33.07,%
793,811,2023-2024,Distance_Parcourue_Match,8.75,km
794,811,2023-2024,Précision_Passes,80.68,%
795,811,2023-2024,Tacles_Réussis,61.98,%
796,269,2023-2024,Distance_Parcourue_Match,9.83,km
797,269,2023-2024,Vitesse_Max,32.4,km/h
798,269,2023-2024,Conversion_Tirs_Buts,33.07,%
799,101,2023-2024,Distance_Parcourue_Match,10.19,km
800,101,2023-2024,Précision_Passes,89.31,%
801,101,2023-2024,Tirs_Cadrés,42.51,%
802,359,2023-2024,Distance_Parcourue_Match,9.83,km
803,359,2023-2024,Vitesse_Max,32.4,km/h
804,359,2023-2024,Conversion_Tirs_Buts,33.07,%
805,11,2023-2024,Distance_Parcourue_Match,8.75,km
806,11,2023-2024,Précision_Passes,80.68,%
807,11,2023-2024,Tacles_Réussis,61.98,%
808,461,2023-2024,Distance_Parcourue_Match,8.75,km
809,461,2023-2024,Précision_Passes,80.68,%
810,461,2023-2024,Tacles_Réussis,61.98,%
811,802,2023-2024,Distance_Parcourue_Match,10.19,km
812,802,2023-2024,Précision_Passes,89.31,%
813,802,2023-2024,Tirs_Cadrés,42.51,%
814,871,2023-2024,Distance_Parcourue_Match,8.75,km
815,871,2023-2024,Précision_Passes,80.68,%
816,871,2023-2024,Tacles_Réussis,61.98,%
817,561,2023-2024,Distance_Parcourue_Match,10.19,km
818,561,2023-2024,Précision_Passes,89.31,%
819,561,2023-2024,Tirs_Cadrés,42.51,%
820,931,2023-2024,Distance_Parcourue_Match,9.83,km
821,931,2023-2024,Vitesse_Max,32.4,km/h
822,931,2023-2024,Conversion_Tirs_Buts,33.07,%
823,376,2023-2024,Distance_Parcourue_Match,10.19,km
824,376,2023-2024,Précision_Passes,89.31,%
825,376,2023-2024,Tirs_Cadrés,42.51,%
826,529,2023-2024,Distance_Parcourue_Match,8.75,km
827,529,2023-2024,Précision_Passes,80.68,%
828,529,2023-2024,Tacles_Réussis,61.98,%
829,680,2023-2024,Distance_Parcourue_Match,8.75,km
830,680,2023-2024,Précision_Passes,80.68,%
831,680,2023-2024,Tacles_Réussis,61.98,%
832,833,2023-2024,Distance_Parcourue_Match,9.83,km
833,833,2023-2024,Vitesse_Max,32.4,km/h
834,833,2023-2024,Conversion_Tirs_Buts,33.07,%
835,657,2023-2024,Distance_Parcourue_Match,8.75,km
836,657,2023-2024,Précision_Passes,80.68,%
837,657,2023-2024,Tacles_Réussis,61.98,%
838,571,2023-2024,Distance_Parcourue_Match,8.75,km
839,571,2023-2024,Précision_Passes,80.68,%
840,571,2023-2024,Tacles_Réussis,61.98,%
841,832,2023-2024,Distance_Parcourue_Match,10.19,km
842,832,2023-2024,Précision_Passes,89.31,%
843,832,2023-2024,Tirs_Cadrés,42.51,%
844,215,2023-2024,Distance_Parcourue_Match,9.83,km
845,215,2023-2024,Vitesse_Max,32.4,km/h
846,215,2023-2024,Conversion_Tirs_Buts,33.07,%
847,757,2023-2024,Distance_Parcourue_Match,10.19,km
848,757,2023-2024,Précision_Passes,89.31,%
849,757,2023-2024,Tirs_Cadrés,42.51,%
850,884,2023-2024,Distance_Parcourue_Match,10.19,km
851,884,2023-2024,Précision_Passes,89.31,%
852,884,2023-2024,Tirs_Cadrés,42.51,%
853,93,2023-2024,Distance_Parcourue_Match,8.75,km
854,93,2023-2024,Précision_Passes,80.68,%
855,93,2023-2024,Tacles_Réussis,61.98,%
856,476,2023-2024,Distance_Parcourue_Match,9.83,km
857,476,2023-2024,Vitesse_Max,32.4,km/h
858,476,2023-2024,Conversion_Tirs_Buts,33.07,%
859,939,2023-2024,Distance_Parcourue_Match,10.19,km
860,939,2023-2024,Précision_Passes,89.31,%
861,939,2023-2024,Tirs_Cadrés,42.51,%
862,434,2023-2024,Distance_Parcourue_Match,10.19,km
863,434,2023-2024,Précision_Passes,89.31,%
864,434,2023-2024,Tirs_Cadrés,42.51,%
865,892,2023-2024,Distance_Parcourue_Match,8.75,km
866,892,2023-2024,Précision_Passes,80.68,%
867,892,2023-2024,Tacles_Réussis,61.98,%
868,348,2023-2024,Distance_Parcourue_Match,10.19,km
869,348,2023-2024,Précision_Passes,89.31,%
870,348,2023-2024,Tirs_Cadrés,42.51,%
871,87,2023-2024,Distance_Parcourue_Match,8.75,km
872,87,2023-2024,Précision_Passes,80.68,%
873,87,2023-2024,Tacles_Réussis,61.98,%
874,942,2023-2024,Distance_Parcourue_Match,9.83,km
875,942,2023-2024,Vitesse_Max,32.4,km/h
876,942,2023-2024,Conversion_Tirs_Buts,33.07,%
877,152,2023-2024,Distance_Parcourue_Match,10.19,km
878,152,2023-2024,Précision_Passes,89.31,%
879,152,2023-2024,Tirs_Cadrés,42.51,%
880,748,2023-2024,Distance_Parcourue_Match,9.83,km
881,748,2023-2024,Vitesse_Max,32.4,km/h
882,748,2023-2024,Conversion_Tirs_Buts,33.07,%
883,56,2023-2024,Distance_Parcourue_Match,10.19,km
884,56,2023-2024,Précision_Passes,89.31,%
885,56,2023-2024,Tirs_Cadrés,42.51,%
886,147,2023-2024,Distance_Parcourue_Match,8.75,km
887,147,2023-2024,Précision_Passes,80.68,%
888,147,2023-2024,Tacles_Réussis,61.98,%
889,270,2023-2024,Distance_Parcourue_Match,10.19,km
890,270,2023-2024,Précision_Passes,89.31,%
891,270,2023-2024,Tirs_Cadrés,42.51,%
892,914,2023-2024,Distance_Parcourue_Match,8.75,km
893,914,2023-2024,Précision_Passes,80.68,%
894,914,2023-2024,Tacles_Réussis,61.98,%
895,393,2023-2024,Distance_Parcourue_Match,10.19,km
896,393,2023-2024,Précision_Passes,89.31,%
897,393,2023-2024,Tirs_Cadrés,42.51,%
898,825,2023-2024,Distance_Parcourue_Match,9.83,km
899,825,2023-2024,Vitesse_Max,32.4,km/h
900,825,2023-2024,Conversion_Tirs_Buts,33.07,%
901,212,2023-2024,Distance_Parcourue_Match,10.19,km
902,212,2023-2024,Précision_Passes,89.31,%
903,212,2023-2024,Tirs_Cadrés,42.51,%
904,756,2023-2024,Distance_Parcourue_Match,9.83,km
905,756,2023-2024,Vitesse_Max,32.4,km/h
906,756,2023-2024,Conversion_Tirs_Buts,33.07,%
907,211,2023-2024,Distance_Parcourue_Match,10.19,km
908,211,2023-2024,Précision_Passes,89.31,%
909,211,2023-2024,Tirs_Cadrés,42.51,%
910,827,2023-2024,Distance_Parcourue_Match,10.19,km
911,827,2023-2024,Précision_Passes,89.31,%
912,827,2023-2024,Tirs_Cadrés,42.51,%
913,124,2023-2024,Distance_Parcourue_Match,8.75,km
914,124,2023-2024,Précision_Passes,80.68,%
915,124,2023-2024,Tacles_Réussis,61.98,%
916,468,2023-2024,Distance_Parcourue_Match,10.19,km
917,468,2023-2024,Précision_Passes,89.31,%
918,468,2023-2024,Tirs_Cadrés,42.51,%
919,341,2023-2024,Distance_Parcourue_Match,9.83,km
920,341,2023-2024,Vitesse_Max,32.4,km/h
921,341,2023-2024,Conversion_Tirs_Buts,33.07,%
922,974,2023-2024,Distance_Parcourue_Match,8.75,km
923,974,2023-2024,Précision_Passes,80.68,%
924,974,2023-2024,Tacles_Réussis,61.98,%
925,439,2023-2024,Distance_Parcourue_Match,10.19,km
926,439,2023-2024,Précision_Passes,89.31,%
927,439,2023-2024,Tirs_Cadrés,42.51,%
928,818,2023-2024,Distance_Parcourue_Match,10.19,km
929,818,2023-2024,Précision_Passes,89.31,%
930,818,2023-2024,Tirs_Cadrés,42.51,%
931,688,2023-2024,Distance_Parcourue_Match,8.75,km
932,688,2023-2024,Précision_Passes,80.68,%
933,688,2023-2024,Tacles_Réussis,61.98,%
934,807,2023-2024,Distance_Parcourue_Match,8.75,km
935,807,2023-2024,Précision_Passes,80.68,%
936,807,2023-2024,Tacles_Réussis,61.98,%
937,180,2023-2024,Distance_Parcourue_Match,8.75,km
938,180,2023-2024,Précision_Passes,80.68,%
939,180,2023-2024,Tacles_Réussis,61.98,%
940,607,2023-2024,Distance_Parcourue_Match,10.19,km
941,607,2023-2024,Précision_Passes,89.31,%
942,607,2023-2024,Tirs_Cadrés,42.51,%
943,895,2023-2024,Distance_Parcourue_Match,10.19,km
944,895,2023-2024,Précision_Passes,89.31,%
945,895,2023-2024,Tirs_Cadrés,42.51,%
946,678,2023-2024,Distance_Parcourue_Match,10.19,km
947,678,2023-2024,Précision_Passes,89.31,%
948,678,2023-2024,Tirs_Cadrés,42.51,%
949,107,2023-2024,Distance_Parcourue_Match,8.75,km
950,107,2023-2024,Précision_Passes,80.68,%
951,107,2023-2024,Tacles_Réussis,61.98,%
952,32,2023-2024,Distance_Parcourue_Match,10.19,km
953,32,2023-2024,Précision_Passes,89.31,%
954,32,2023-2024,Tirs_Cadrés,42.51,%
955,881,2023-2024,Distance_Parcourue_Match,8.75,km
956,881,2023-2024,Précision_Passes,80.68,%
957,881,2023-2024,Tacles_Réussis,61.98,%
958,600,2023-2024,Distance_Parcourue_Match,10.19,km
959,600,2023-2024,Précision_Passes,89.31,%
960,600,2023-2024,Tirs_Cadrés,42.51,%
961,836,2023-2024,Distance_Parcourue_Match,9.83,km
962,836,2023-2024,Vitesse_Max,32.4,km/h
963,836,2023-2024,Conversion_Tirs_Buts,33.07,%
964,88,2023-2024,Distance_Parcourue_Match,9.83,km
965,88,2023-2024,Vitesse_Max,32.4,km/h
966,88,2023-2024,Conversion_Tirs_Buts,33.07,%
967,285,2023-2024,Distance_Parcourue_Match,9.83,km
968,285,2023-2024,Vitesse_Max,32.4,km/h
969,285,2023-2024,Conversion_Tirs_Buts,33.07,%
970,718,2023-2024,Distance_Parcourue_Match,9.83,km
971,718,2023-2024,Vitesse_Max,32.4,km/h
972,718,2023-2024,Conversion_Tirs_Buts,33.07,%
973,944,2024-2025,Précision_Passes,71.42,%
974,944,2024-2025,Minutes_Totales,1527.0,minutes
975,866,2024-2025,Précision_Passes,71.42,%
976,866,2024-2025,Minutes_Totales,1527.0,minutes
977,237,2024-2025,Précision_Passes,71.42,%
978,237,2024-2025,Minutes_Totales,1527.0,minutes
979,728,2024-2025,Précision_Passes,71.42,%
980,728,2024-2025,Minutes_Totales,1527.0,minutes
981,406,2024-2025,Précision_Passes,71.42,%
982,406,2024-2025,Minutes_Totales,1527.0,minutes
983,731,2024-2025,Précision_Passes,71.42,%
984,731,2024-2025,Minutes_Totales,1527.0,minutes
985,380,2024-2025,Distance_Parcourue_Match,10.19,km
986,380,2024-2025,Précision_Passes,89.31,%
987,380,2024-2025,Tirs_Cadrés,42.51,%
988,414,2024-2025,Précision_Passes,71.42,%
989,414,2024-2025,Minutes_Totales,1527.0,minutes
990,976,2024-2025,Distance_Parcourue_Match,9.83,km
991,976,2024-2025,Vitesse_Max,32.4,km/h
992,976,2024-2025,Conversion_Tirs_Buts,33.07,%
993,590,2024-2025,Distance_Parcourue_Match,8.75,km
994,590,2024-2025,Précision_Passes,80.68,%
995,590,2024-2025,Tacles_Réussis,61.98,%
996,715,2024-2025,Distance_Parcourue_Match,8.75,km
997,715,2024-2025,Précision_Passes,80.68,%
998,715,2024-2025,Tacles_Réussis,61.98,%
999,342,2024-2025,Distance_Parcourue_Match,8.75,km
1000,342,2024-2025,Précision_Passes,80.68,%
1001,342,2024-2025,Tacles_Réussis,61.98,%
1002,258,2024-2025,Distance_Parcourue_Match,10.19,km
1003,258,2024-2025,Précision_Passes,89.31,%
1004,258,2024-2025,Tirs_Cadrés,42.51,%
1005,18,2024-2025,Distance_Parcourue_Match,9.83,km
1006,18,2024-2025,Vitesse_Max,32.4,km/h
1007,18,2024-2025,Conversion_Tirs_Buts,33.07,%
1008,943,2024-2025,Distance_Parcourue_Match,9.83,km
1009,943,2024-2025,Vitesse_Max,32.4,km/h
1010,943,2024-2025,Conversion_Tirs_Buts,33.07,%
1011,996,2024-2025,Distance_Parcourue_Match,10.19,km
1012,996,2024-2025,Précision_Passes,89.31,%
1013,996,2024-2025,Tirs_Cadrés,42.51,%
1014,38,2024-2025,Distance_Parcourue_Match,10.19,km
1015,38,2024-2025,Précision_Passes,89.31,%
1016,38,2024-2025,Tirs_Cadrés,42.51,%
1017,206,2024-2025,Distance_Parcourue_Match,10.19,km
1018,206,2024-2025,Précision_Passes,89.31,%
1019,206,2024-2025,Tirs_Cadrés,42.51,%
1020,573,2024-2025,Précision_Passes,71.42,%
1021,573,2024-2025,Minutes_Totales,1527.0,minutes
1022,100,2024-2025,Distance_Parcourue_Match,8.75,km
1023,100,2024-2025,Précision_Passes,80.68,%
1024,100,2024-2025,Tacles_Réussis,61.98,%
1025,831,2024-2025,Distance_Parcourue_Match,10.19,km
1026,831,2024-2025,Précision_Passes,89.31,%
1027,831,2024-2025,Tirs_Cadrés,42.51,%
1028,97,2024-2025,Précision_Passes,71.42,%
1029,97,2024-2025,Minutes_Totales,1527.0,minutes
1030,664,2024-2025,Distance_Parcourue_Match,10.19,km
1031,664,2024-2025,Précision_Passes,89.31,%
1032,664,2024-2025,Tirs_Cadrés,42.51,%
1033,66,2024-2025,Distance_Parcourue_Match,9.83,km
1034,66,2024-2025,Vitesse_Max,32.4,km/h
1035,66,2024-2025,Conversion_Tirs_Buts,33.07,%
1036,77,2024-2025,Distance_Parcourue_Match,8.75,km
1037,77,2024-2025,Précision_Passes,80.68,%
1038,77,2024-2025,Tacles_Réussis,61.98,%
1039,658,2024-2025,Précision_Passes,71.42,%
1040,658,2024-2025,Minutes_Totales,1527.0,minutes
1041,89,2024-2025,Distance_Parcourue_Match,9.83,km
1042,89,2024-2025,Vitesse_Max,32.4,km/h
1043,89,2024-2025,Conversion_Tirs_Buts,33.07,%
1044,897,2024-2025,Distance_Parcourue_Match,9.83,km
1045,897,2024-2025,Vitesse_Max,32.4,km/h
1046,897,2024-2025,Conversion_Tirs_Buts,33.07,%
1047,726,2024-2025,Distance_Parcourue_Match,10.19,km
1048,726,2024-2025,Précision_Passes,89.31,%
1049,726,2024-2025,Tirs_Cadrés,42.51,%
1050,849,2024-2025,Distance_Parcourue_Match,10.19,km
1051,849,2024-2025,Précision_Passes,89.31,%
1052,849,2024-2025,Tirs_Cadrés,42.51,%
1053,30,2024-2025,Distance_Parcourue_Match,9.83,km
1054,30,2024-2025,Vitesse_Max,32.4,km/h
1055,30,2024-2025,Conversion_Tirs_Buts,33.07,%
1056,809,2024-2025,Distance_Parcourue_Match,9.83,km
1057,809,2024-2025,Vitesse_Max,32.4,km/h
1058,809,2024-2025,Conversion_Tirs_Buts,33.07,%
1059,489,2024-2025,Précision_Passes,71.42,%
1060,489,2024-2025,Minutes_Totales,1527.0,minutes
1061,886,2024-2025,Précision_Passes,71.42,%
1062,886,2024-2025,Minutes_Totales,1527.0,minutes
1063,491,2024-2025,Distance_Parcourue_Match,10.19,km
1064,491,2024-2025,Précision_Passes,89.31,%
1065,491,2024-2025,Tirs_Cadrés,42.51,%
1066,697,2024-2025,Précision_Passes,71.42,%
1067,697,2024-2025,Minutes_Totales,1527.0,minutes
1068,567,2024-2025,Précision_Passes,71.42,%
1069,567,2024-2025,Minutes_Totales,1527.0,minutes
1070,786,2024-2025,Précision_Passes,71.42,%
1071,786,2024-2025,Minutes_Totales,1527.0,minutes
1072,428,2024-2025,Distance_Parcourue_Match,9.83,km
1073,428,2024-2025,Vitesse_Max,32.4,km/h
1074,428,2024-2025,Conversion_Tirs_Buts,33.07,%
1075,188,2024-2025,Distance_Parcourue_Match,9.83,km
1076,188,2024-2025,Vitesse_Max,32.4,km/h
1077,188,2024-2025,Conversion_Tirs_Buts,33.07,%
1078,286,2024-2025,Distance_Parcourue_Match,8.75,km
1079,286,2024-2025,Précision_Passes,80.68,%
1080,286,2024-2025,Tacles_Réussis,61.98,%
1081,628,2024-2025,Distance_Parcourue_Match,10.19,km
1082,628,2024-2025,Précision_Passes,89.31,%
1083,628,2024-2025,Tirs_Cadrés,42.51,%
1084,774,2024-2025,Distance_Parcourue_Match,9.83,km
1085,774,2024-2025,Vitesse_Max,32.4,km/h
1086,774,2024-2025,Conversion_Tirs_Buts,33.07,%
1087,843,2024-2025,Précision_Passes,71.42,%
1088,843,2024-2025,Minutes_Totales,1527.0,minutes
1089,313,2024-2025,Distance_Parcourue_Match,8.75,km
1090,313,2024-2025,Précision_Passes,80.68,%
1091,313,2024-2025,Tacles_Réussis,61.98,%
1092,213,2024-2025,Précision_Passes,71.42,%
1093,213,2024-2025,Minutes_Totales,1527.0,minutes
1094,311,2024-2025,Distance_Parcourue_Match,9.83,km
1095,311,2024-2025,Vitesse_Max,32.4,km/h
1096,311,2024-2025,Conversion_Tirs_Buts,33.07,%
1097,968,2024-2025,Distance_Parcourue_Match,8.75,km
1098,968,2024-2025,Précision_Passes,80.68,%
1099,968,2024-2025,Tacles_Réussis,61.98,%
1100,249,2024-2025,Distance_Parcourue_Match,8.75,km
1101,249,2024-2025,Précision_Passes,80.68,%
1102,249,2024-2025,Tacles_Réussis,61.98,%
1103,588,2024-2025,Distance_Parcourue_Match,9.83,km
1104,588,2024-2025,Vitesse_Max,32.4,km/h
1105,588,2024-2025,Conversion_Tirs_Buts,33.07,%
1106,168,2024-2025,Précision_Passes,71.42,%
1107,168,2024-2025,Minutes_Totales,1527.0,minutes
1108,610,2024-2025,Précision_Passes,71.42,%
1109,610,2024-2025,Minutes_Totales,1527.0,minutes
1110,145,2024-2025,Distance_Parcourue_Match,9.83,km
1111,145,2024-2025,Vitesse_Max,32.4,km/h
1112,145,2024-2025,Conversion_Tirs_Buts,33.07,%
1113,204,2024-2025,Distance_Parcourue_Match,10.19,km
1114,204,2024-2025,Précision_Passes,89.31,%
1115,204,2024-2025,Tirs_Cadrés,42.51,%
1116,654,2024-2025,Distance_Parcourue_Match,9.83,km
1117,654,2024-2025,Vitesse_Max,32.4,km/h
1118,654,2024-2025,Conversion_Tirs_Buts,33.07,%
1119,893,2024-2025,Distance_Parcourue_Match,10.19,km
1120,893,2024-2025,Précision_Passes,89.31,%
1121,893,2024-2025,Tirs_Cadrés,42.51,%
1122,236,2024-2025,Distance_Parcourue_Match,10.19,km
1123,236,2024-2025,Précision_Passes,89.31,%
1124,236,2024-2025,Tirs_Cadrés,42.51,%
1125,917,2024-2025,Distance_Parcourue_Match,8.75,km
1126,917,2024-2025,Précision_Passes,80.68,%
1127,917,2024-2025,Tacles_Réussis,61.98,%
1128,617,2024-2025,Précision_Passes,71.42,%
1129,617,2024-2025,Minutes_Totales,1527.0,minutes
1130,509,2024-2025,Distance_Parcourue_Match,10.19,km
1131,509,2024-2025,Précision_Passes,89.31,%
1132,509,2024-2025,Tirs_Cadrés,42.51,%
1133,354,2024-2025,Distance_Parcourue_Match,9.83,km
1134,354,2024-2025,Vitesse_Max,32.4,km/h
1135,354,2024-2025,Conversion_Tirs_Buts,33.07,%
1136,79,2024-2025,Distance_Parcourue_Match,8.75,km
1137,79,2024-2025,Précision_Passes,80.68,%
1138,79,2024-2025,Tacles_Réussis,61.98,%
1139,582,2024-2025,Distance_Parcourue_Match,8.75,km
1140,582,2024-2025,Précision_Passes,80.68,%
1141,582,2024-2025,Tacles_Réussis,61.98,%
1142,316,2024-2025,Distance_Parcourue_Match,10.19,km
1143,316,2024-2025,Précision_Passes,89.31,%
1144,316,2024-2025,Tirs_Cadrés,42.51,%
1145,205,2024-2025,Distance_Parcourue_Match,10.19,km
1146,205,2024-2025,Précision_Passes,89.31,%
1147,205,2024-2025,Tirs_Cadrés,42.51,%
1148,565,2024-2025,Distance_Parcourue_Match,9.83,km
1149,565,2024-2025,Vitesse_Max,32.4,km/h
1150,565,2024-2025,Conversion_Tirs_Buts,33.07,%
1151,723,2024-2025,Distance_Parcourue_Match,8.75,km
1152,723,2024-2025,Précision_Passes,80.68,%
1153,723,2024-2025,Tacles_Réussis,61.98,%
1154,301,2024-2025,Distance_Parcourue_Match,8.75,km
1155,301,2024-2025,Précision_Passes,80.68,%
1156,301,2024-2025,Tacles_Réussis,61.98,%
1157,689,2024-2025,Distance_Parcourue_Match,8.75,km
1158,689,2024-2025,Précision_Passes,80.68,%
1159,689,2024-2025,Tacles_Réussis,61.98,%
1160,767,2024-2025,Distance_Parcourue_Match,8.75,km
1161,767,2024-2025,Précision_Passes,80.68,%
1162,767,2024-2025,Tacles_Réussis,61.98,%
1163,409,2024-2025,Distance_Parcourue_Match,9.83,km
1164,409,2024-2025,Vitesse_Max,32.4,km/h
1165,409,2024-2025,Conversion_Tirs_Buts,33.07,%
1166,829,2024-2025,Précision_Passes,71.42,%
1167,829,2024-2025,Minutes_Totales,1527.0,minutes
1168,449,2024-2025,Distance_Parcourue_Match,9.83,km
1169,449,2024-2025,Vitesse_Max,32.4,km/h
1170,449,2024-2025,Conversion_Tirs_Buts,33.07,%
1171,219,2024-2025,Distance_Parcourue_Match,8.75,km
1172,219,2024-2025,Précision_Passes,80.68,%
1173,219,2024-2025,Tacles_Réussis,61.98,%
1174,260,2024-2025,Distance_Parcourue_Match,9.83,km
1175,260,2024-2025,Vitesse_Max,32.4,km/h
1176,260,2024-2025,Conversion_Tirs_Buts,33.07,%
1177,982,2024-2025,Distance_Parcourue_Match,8.75,km
1178,982,2024-2025,Précision_Passes,80.68,%
1179,982,2024-2025,Tacles_Réussis,61.98,%
1180,432,2024-2025,Distance_Parcourue_Match,8.75,km
1181,432,2024-2025,Précision_Passes,80.68,%
1182,432,2024-2025,Tacles_Réussis,61.98,%
1183,42,2024-2025,Distance_Parcourue_Match,10.19,km
1184,42,2024-2025,Précision_Passes,89.31,%
1185,42,2024-2025,Tirs_Cadrés,42.51,%
1186,587,2024-2025,Distance_Parcourue_Match,10.19,km
1187,587,2024-2025,Précision_Passes,89.31,%
1188,587,2024-2025,Tirs_Cadrés,42.51,%
1189,297,2024-2025,Distance_Parcourue_Match,8.75,km
1190,297,2024-2025,Précision_Passes,80.68,%
1191,297,2024-2025,Tacles_Réussis,61.98,%
1192,669,2024-2025,Distance_Parcourue_Match,10.19,km
1193,669,2024-2025,Précision_Passes,89.31,%
1194,669,2024-2025,Tirs_Cadrés,42.51,%
1195,578,2024-2025,Distance_Parcourue_Match,10.19,km
1196,578,2024-2025,Précision_Passes,89.31,%
1197,578,2024-2025,Tirs_Cadrés,42.51,%
1198,810,2024-2025,Distance_Parcourue_Match,10.19,km
1199,810,2024-2025,Précision_Passes,89.31,%
1200,810,2024-2025,Tirs_Cadrés,42.51,%
1201,550,2024-2025,Distance_Parcourue_Match,8.75,km
1202,550,2024-2025,Précision_Passes,80.68,%
1203,550,2024-2025,Tacles_Réussis,61.98,%
1204,275,2024-2025,Distance_Parcourue_Match,10.19,km
1205,275,2024-2025,Précision_Passes,89.31,%
1206,275,2024-2025,Tirs_Cadrés,42.51,%
1207,104,2024-2025,Distance_Parcourue_Match,10.19,km
1208,104,2024-2025,Précision_Passes,89.31,%
1209,104,2024-2025,Tirs_Cadrés,42.51,%
1210,472,2024-2025,Distance_Parcourue_Match,9.83,km
1211,472,2024-2025,Vitesse_Max,32.4,km/h
1212,472,2024-2025,Conversion_Tirs_Buts,33.07,%
1213,862,2024-2025,Distance_Parcourue_Match,9.83,km
1214,862,2024-2025,Vitesse_Max,32.4,km/h
1215,862,2024-2025,Conversion_Tirs_Buts,33.07,%
1216,668,2024-2025,Distance_Parcourue_Match,10.19,km
1217,668,2024-2025,Précision_Passes,89.31,%
1218,668,2024-2025,Tirs_Cadrés,42.51,%
1219,162,2024-2025,Distance_Parcourue_Match,10.19,km
1220,162,2024-2025,Précision_Passes,89.31,%
1221,162,2024-2025,Tirs_Cadrés,42.51,%
1222,621,2024-2025,Distance_Parcourue_Match,8.75,km
1223,621,2024-2025,Précision_Passes,80.68,%
1224,621,2024-2025,Tacles_Réussis,61.98,%
1225,176,2024-2025,Distance_Parcourue_Match,8.75,km
1226,176,2024-2025,Précision_Passes,80.68,%
1227,176,2024-2025,Tacles_Réussis,61.98,%
1228,115,2024-2025,Distance_Parcourue_Match,8.75,km
1229,115,2024-2025,Précision_Passes,80.68,%
1230,115,2024-2025,Tacles_Réussis,61.98,%
1231,98,2024-2025,Distance_Parcourue_Match,10.19,km
1232,98,2024-2025,Précision_Passes,89.31,%
1233,98,2024-2025,Tirs_Cadrés,42.51,%
1234,879,2024-2025,Distance_Parcourue_Match,9.83,km
1235,879,2024-2025,Vitesse_Max,32.4,km/h
1236,879,2024-2025,Conversion_Tirs_Buts,33.07,%
1237,666,2024-2025,Distance_Parcourue_Match,8.75,km
1238,666,2024-2025,Précision_Passes,80.68,%
1239,666,2024-2025,Tacles_Réussis,61.98,%
1240,445,2024-2025,Distance_Parcourue_Match,10.19,km
1241,445,2024-2025,Précision_Passes,89.31,%
1242,445,2024-2025,Tirs_Cadrés,42.51,%
1243,164,2024-2025,Distance_Parcourue_Match,10.19,km
1244,164,2024-2025,Précision_Passes,89.31,%
1245,164,2024-2025,Tirs_Cadrés,42.51,%
1246,242,2024-2025,Distance_Parcourue_Match,10.19,km
1247,242,2024-2025,Précision_Passes,89.31,%
1248,242,2024-2025,Tirs_Cadrés,42.51,%
1249,527,2024-2025,Distance_Parcourue_Match,9.83,km
1250,527,2024-2025,Vitesse_Max,32.4,km/h
1251,527,2024-2025,Conversion_Tirs_Buts,33.07,%
1252,906,2024-2025,Distance_Parcourue_Match,10.19,km
1253,906,2024-2025,Précision_Passes,89.31,%
1254,906,2024-2025,Tirs_Cadrés,42.51,%
1255,469,2024-2025,Distance_Parcourue_Match,10.19,km
1256,469,2024-2025,Précision_Passes,89.31,%
1257,469,2024-2025,Tirs_Cadrés,42.51,%
1258,646,2024-2025,Distance_Parcourue_Match,10.19,km
1259,646,2024-2025,Précision_Passes,89.31,%
1260,646,2024-2025,Tirs_Cadrés,42.51,%
1261,261,2024-2025,Distance_Parcourue_Match,10.19,km
1262,261,2024-2025,Précision_Passes,89.31,%
1263,261,2024-2025,Tirs_Cadrés,42.51,%
1264,47,2024-2025,Distance_Parcourue_Match,8.75,km
1265,47,2024-2025,Précision_Passes,80.68,%
1266,47,2024-2025,Tacles_Réussis,61.98,%
1267,753,2024-2025,Distance_Parcourue_Match,8.75,km
1268,753,2024-2025,Précision_Passes,80.68,%
1269,753,2024-2025,Tacles_Réussis,61.98,%
1270,793,2024-2025,Distance_Parcourue_Match,9.83,km
1271,793,2024-2025,Vitesse_Max,32.4,km/h
1272,793,2024-2025,Conversion_Tirs_Buts,33.07,%
1273,826,2024-2025,Distance_Parcourue_Match,9.83,km
1274,826,2024-2025,Vitesse_Max,32.4,km/h
1275,826,2024-2025,Conversion_Tirs_Buts,33.07,%
1276,229,2024-2025,Distance_Parcourue_Match,9.83,km
1277,229,2024-2025,Vitesse_Max,32.4,km/h
1278,229,2024-2025,Conversion_Tirs_Buts,33.07,%
1279,811,2024-2025,Distance_Parcourue_Match,8.75,km
1280,811,2024-2025,Précision_Passes,80.68,%
1281,811,2024-2025,Tacles_Réussis,61.98,%
1282,269,2024-2025,Distance_Parcourue_Match,9.83,km
1283,269,2024-2025,Vitesse_Max,32.4,km/h
1284,269,2024-2025,Conversion_Tirs_Buts,33.07,%
1285,101,2024-2025,Distance_Parcourue_Match,10.19,km
1286,101,2024-2025,Précision_Passes,89.31,%
1287,101,2024-2025,Tirs_Cadrés,42.51,%
1288,359,2024-2025,Distance_Parcourue_Match,9.83,km
1289,359,2024-2025,Vitesse_Max,32.4,km/h
1290,359,2024-2025,Conversion_Tirs_Buts,33.07,%
1291,11,2024-2025,Distance_Parcourue_Match,8.75,km
1292,11,2024-2025,Précision_Passes,80.68,%
1293,11,2024-2025,Tacles_Réussis,61.98,%
1294,461,2024-2025,Distance_Parcourue_Match,8.75,km
1295,461,2024-2025,Précision_Passes,80.68,%
1296,461,2024-2025,Tacles_Réussis,61.98,%
1297,802,2024-2025,Distance_Parcourue_Match,10.19,km
1298,802,2024-2025,Précision_Passes,89.31,%
1299,802,2024-2025,Tirs_Cadrés,42.51,%
1300,871,2024-2025,Distance_Parcourue_Match,8.75,km
1301,871,2024-2025,Précision_Passes,80.68,%
1302,871,2024-2025,Tacles_Réussis,61.98,%
1303,561,2024-2025,Distance_Parcourue_Match,10.19,km
1304,561,2024-2025,Précision_Passes,89.31,%
1305,561,2024-2025,Tirs_Cadrés,42.51,%
1306,931,2024-2025,Distance_Parcourue_Match,9.83,km
1307,931,2024-2025,Vitesse_Max,32.4,km/h
1308,931,2024-2025,Conversion_Tirs_Buts,33.07,%
1309,376,2024-2025,Distance_Parcourue_Match,10.19,km
1310,376,2024-2025,Précision_Passes,89.31,%
1311,376,2024-2025,Tirs_Cadrés,42.51,%
1312,529,2024-2025,Distance_Parcourue_Match,8.75,km
1313,529,2024-2025,Précision_Passes,80.68,%
1314,529,2024-2025,Tacles_Réussis,61.98,%
1315,680,2024-2025,Distance_Parcourue_Match,8.75,km
1316,680,2024-2025,Précision_Passes,80.68,%
1317,680,2024-2025,Tacles_Réussis,61.98,%
1318,833,2024-2025,Distance_Parcourue_Match,9.83,km
1319,833,2024-2025,Vitesse_Max,32.4,km/h
1320,833,2024-2025,Conversion_Tirs_Buts,33.07,%
1321,657,2024-2025,Distance_Parcourue_Match,8.75,km
1322,657,2024-2025,Précision_Passes,80.68,%
1323,657,2024-2025,Tacles_Réussis,61.98,%
1324,571,2024-2025,Distance_Parcourue_Match,8.75,km
1325,571,2024-2025,Précision_Passes,80.68,%
1326,571,2024-2025,Tacles_Réussis,61.98,%
1327,832,2024-2025,Distance_Parcourue_Match,10.19,km
1328,832,2024-2025,Précision_Passes,89.31,%
1329,832,2024-2025,Tirs_Cadrés,42.51,%
1330,215,2024-2025,Distance_Parcourue_Match,9.83,km
1331,215,2024-2025,Vitesse_Max,32.4,km/h
1332,215,2024-2025,Conversion_Tirs_Buts,33.07,%
1333,757,2024-2025,Distance_Parcourue_Match,10.19,km
1334,757,2024-2025,Précision_Passes,89.31,%
1335,757,2024-2025,Tirs_Cadrés,42.51,%
1336,884,2024-2025,Distance_Parcourue_Match,10.19,km
1337,884,2024-2025,Précision_Passes,89.31,%
1338,884,2024-2025,Tirs_Cadrés,42.51,%
1339,93,2024-2025,Distance_Parcourue_Match,8.75,km
1340,93,2024-2025,Précision_Passes,80.68,%
1341,93,2024-2025,Tacles_Réussis,61.98,%
1342,476,2024-2025,Distance_Parcourue_Match,9.83,km
1343,476,2024-2025,Vitesse_Max,32.4,km/h
1344,476,2024-2025,Conversion_Tirs_Buts,33.07,%
1345,939,2024-2025,Distance_Parcourue_Match,10.19,km
1346,939,2024-2025,Précision_Passes,89.31,%
1347,939,2024-2025,Tirs_Cadrés,42.51,%
1348,434,2024-2025,Distance_Parcourue_Match,10.19,km
1349,434,2024-2025,Précision_Passes,89.31,%
1350,434,2024-2025,Tirs_Cadrés,42.51,%
1351,892,2024-2025,Distance_Parcourue_Match,8.75,km
1352,892,2024-2025,Précision_Passes,80.68,%
1353,892,2024-2025,Tacles_Réussis,61.98,%
1354,348,2024-2025,Distance_Parcourue_Match,10.19,km
1355,348,2024-2025,Précision_Passes,89.31,%
1356,348,2024-2025,Tirs_Cadrés,42.51,%
1357,87,2024-2025,Distance_Parcourue_Match,8.75,km
1358,87,2024-2025,Précision_Passes,80.68,%
1359,87,2024-2025,Tacles_Réussis,61.98,%
1360,942,2024-2025,Distance_Parcourue_Match,9.83,km
1361,942,2024-2025,Vitesse_Max,32.4,km/h
1362,942,2024-2025,Conversion_Tirs_Buts,33.07,%
1363,152,2024-2025,Distance_Parcourue_Match,10.19,km
1364,152,2024-2025,Précision_Passes,89.31,%
1365,152,2024-2025,Tirs_Cadrés,42.51,%
1366,748,2024-2025,Distance_Parcourue_Match,9.83,km
1367,748,2024-2025,Vitesse_Max,32.4,km/h
1368,748,2024-2025,Conversion_Tirs_Buts,33.07,%
1369,56,2024-2025,Distance_Parcourue_Match,10.19,km
1370,56,2024-2025,Précision_Passes,89.31,%
1371,56,2024-2025,Tirs_Cadrés,42.51,%
1372,147,2024-2025,Distance_Parcourue_Match,8.75,km
1373,147,2024-2025,Précision_Passes,80.68,%
1374,147,2024-2025,Tacles_Réussis,61.98,%
1375,270,2024-2025,Distance_Parcourue_Match,10.19,km
1376,270,2024-2025,Précision_Passes,89.31,%
1377,270,2024-2025,Tirs_Cadrés,42.51,%
1378,914,2024-2025,Distance_Parcourue_Match,8.75,km
1379,914,2024-2025,Précision_Passes,80.68,%
1380,914,2024-2025,Tacles_Réussis,61.98,%
1381,393,2024-2025,Distance_Parcourue_Match,10.19,km
1382,393,2024-2025,Précision_Passes,89.31,%
1383,393,2024-2025,Tirs_Cadrés,42.51,%
1384,825,2024-2025,Distance_Parcourue_Match,9.83,km
1385,825,2024-2025,Vitesse_Max,32.4,km/h
1386,825,2024-2025,Conversion_Tirs_Buts,33.07,%
1387,212,2024-2025,Distance_Parcourue_Match,10.19,km
1388,212,2024-2025,Précision_Passes,89.31,%
1389,212,2024-2025,Tirs_Cadrés,42.51,%
1390,756,2024-2025,Distance_Parcourue_Match,9.83,km
1391,756,2024-2025,Vitesse_Max,32.4,km/h
1392,756,2024-2025,Conversion_Tirs_Buts,33.07,%
1393,211,2024-2025,Distance_Parcourue_Match,10.19,km
1394,211,2024-2025,Précision_Passes,89.31,%
1395,211,2024-2025,Tirs_Cadrés,42.51,%
1396,827,2024-2025,Distance_Parcourue_Match,10.19,km
1397,827,2024-2025,Précision_Passes,89.31,%
1398,827,2024-2025,Tirs_Cadrés,42.51,%
1399,124,2024-2025,Distance_Parcourue_Match,8.75,km
1400,124,2024-2025,Précision_Passes,80.68,%
1401,124,2024-2025,Tacles_Réussis,61.98,%
1402,468,2024-2025,Distance_Parcourue_Match,10.19,km
1403,468,2024-2025,Précision_Passes,89.31,%
1404,468,2024-2025,Tirs_Cadrés,42.51,%
1405,341,2024-2025,Distance_Parcourue_Match,9.83,km
1406,341,2024-2025,Vitesse_Max,32.4,km/h
1407,341,2024-2025,Conversion_Tirs_Buts,33.07,%
1408,974,2024-2025,Distance_Parcourue_Match,8.75,km
1409,974,2024-2025,Précision_Passes,80.68,%
1410,974,2024-2025,Tacles_Réussis,61.98,%
1411,439,2024-2025,Distance_Parcourue_Match,10.19,km
1412,439,2024-2025,Précision_Passes,89.31,%
1413,439,2024-2025,Tirs_Cadrés,42.51,%
1414,818,2024-2025,Distance_Parcourue_Match,10.19,km
1415,818,2024-2025,Précision_Passes,89.31,%
1416,818,2024-2025,Tirs_Cadrés,42.51,%
1417,688,2024-2025,Distance_Parcourue_Match,8.75,km
1418,688,2024-2025,Précision_Passes,80.68,%
1419,688,2024-2025,Tacles_Réussis,61.98,%
1420,807,2024-2025,Distance_Parcourue_Match,8.75,km
1421,807,2024-2025,Précision_Passes,80.68,%
1422,807,2024-2025,Tacles_Réussis,61.98,%
1423,180,2024-2025,Distance_Parcourue_Match,8.75,km
1424,180,2024-2025,Précision_Passes,80.68,%
1425,180,2024-2025,Tacles_Réussis,61.98,%
1426,607,2024-2025,Distance_Parcourue_Match,10.19,km
1427,607,2024-2025,Précision_Passes,89.31,%
1428,607,2024-2025,Tirs_Cadrés,42.51,%
1429,895,2024-2025,Distance_Parcourue_Match,10.19,km
1430,895,2024-2025,Précision_Passes,89.31,%
1431,895,2024-2025,Tirs_Cadrés,42.51,%
1432,678,2024-2025,Distance_Parcourue_Match,10.19,km
1433,678,2024-2025,Précision_Passes,89.31,%
1434,678,2024-2025,Tirs_Cadrés,42.51,%
1435,107,2024-2025,Distance_Parcourue_Match,8.75,km
1436,107,2024-2025,Précision_Passes,80.68,%
1437,107,2024-2025,Tacles_Réussis,61.98,%
1438,32,2024-2025,Distance_Parcourue_Match,10.19,km
1439,32,2024-2025,Précision_Passes,89.31,%
1440,32,2024-2025,Tirs_Cadrés,42.51,%
1441,881,2024-2025,Distance_Parcourue_Match,8.75,km
1442,881,2024-2025,Précision_Passes,80.68,%
1443,881,2024-2025,Tacles_Réussis,61.98,%
1444,600,2024-2025,Distance_Parcourue_Match,10.19,km
1445,600,2024-2025,Précision_Passes,89.31,%
1446,600,2024-2025,Tirs_Cadrés,42.51,%
1447,836,2024-2025,Distance_Parcourue_Match,9.83,km
1448,836,2024-2025,Vitesse_Max,32.4,km/h
1449,836,2024-2025,Conversion_Tirs_Buts,33.07,%
1450,88,2024-2025,Distance_Parcourue_Match,9.83,km
1451,88,2024-2025,Vitesse_Max,32.4,km/h
1452,88,2024-2025,Conversion_Tirs_Buts,33.07,%
1453,285,2024-2025,Distance_Parcourue_Match,9.83,km
1454,285,2024-2025,Vitesse_Max,32.4,km/h
1455,285,2024-2025,Conversion_Tirs_Buts,33.07,%
1456,718,2024-2025,Distance_Parcourue_Match,9.83,km
1457,718,2024-2025,Vitesse_Max,32.4,km/h
1458,718,2024-2025,Conversion_Tirs_Buts,33.07,%
